DAPP,Description,Site,GitHub,Reddit,Who?,Tags,License,Platform,Status,Last Update,Contract Address
EtherPoker,P2P Poker powered by Ethereum,,https://github.com/jn-pn/ep,,ConsenSys / Julian Pittleman,game,proprietary,,5. Work In Progress,2015-04-12,
sleth,Slot Machine,,https://github.com/jorisbontje/sleth,,Joris Bontje,game,MIT,Ethereum POC9,7. Working Prototype,2015-04-22,
EtherGit,Incentivized open source software development,http://ethergit.io/,https://github.com/OtterHive/EtherGit,,Miles Albert,"git, open source, development",GPL,Ethereum,5. Work In Progress,2016-12-01,
dapp pricefeed,(Gold) price feed,,https://github.com/SilentCicero/meteor-dapp-pricefeed,,Nick Dodson,datafeed,MIT,Ethereum POC9,7. Working Prototype,2015-04-22,
TrustDavis,Reputation system,,https://github.com/syng-io/trustdavis,,Joris Bontje & Jarrad Hope,reputation,MIT,Web demo,6. Demo,2015-04-22,
Project Groundhog,Social Network,https://www.youtube.com/watch?v=WFeJYv3PSaI,,,Conrad Barski,communication,,Ethereum ?,6. Demo,2015-04-22,
Whisper Chat Client,Group chat,,https://github.com/ethereum/meteor-dapp-whisper-chat-client,,Fabian Vogelsteller,communication,MIT,Ethereum Metropolis,6. Demo,2015-04-22,
Dapp Catalog,Dapp Catalog,,https://github.com/ethereum/meteor-dapp-catalog,,"Fabian Vogelsteller, Alex van de Sande",appstore,MIT,Ethereum Metropolis,6. Demo,2015-04-22,
Wallet Dapp,Ethereum Wallet,,https://github.com/ethereum/meteor-dapp-wallet,,"Fabian Vogelsteller, Alex van de Sande",wallet,MIT,Ethereum Metropolis,6. Demo,2015-04-22,
cryptocoinwatch,Crypto currency datafeed,,https://github.com/EtherCasts/cryptocoinwatch,,Joris Bontje,datafeed,MIT,Ethereum POC7,6. Demo,2015-04-22,
Ethereum Prediction Market,Prediction market,http://atomrigs.blogspot.com,,,Atomrigs,prediction market,,Ethereum POC8,6. Demo,2015-04-22,
atomic-swap,Atomic cross-chain trading,,https://github.com/zack-bitcoin/ethereum-atomic-swap,,Zack Hess,trading,,Ethereum / Bitcoin,5. Work In Progress,2015-04-22,
Provenance,Product Origin Tracking,https://www.provenance.org/,,,Jessi Baker & Jutta Steiner,manufacturing,,Ethereum ?,4. Concept,2015-04-22,
Airlock,Electronic Security,http://airlock.me/,,,John Gerryts,internet of things,,Ethereum ?,4. Concept,2015-04-22,
CubeSpawn,Modular Manufacturing,http://main.cubespawn.com/,,,James Jones,manufacturing,,?,4. Concept,2015-04-22,
Pokereum,Decentralized Poker,http://www.pokereum.io/,,https://www.reddit.com/r/pokereum,Oladapo Ajayi / Patrick Mazzota / Juan Pastas,game,,Ethereum & NXT,4. Concept,2015-04-22,
Kindom,Community management & formation,,,,ConsenSys,governance,proprietary,Ethereum ?,3. Stealth Mode,2015-04-22,
Forums,Micropayment Threaded Discussions,,,,ConsenSys,communication,proprietary,Ethereum ?,3. Stealth Mode,2015-04-22,
EtherSlots,Casino Game,,,,ConsenSys / AF Dudley,game,proprietary,Ethereum ?,3. Stealth Mode,2015-04-22,
DAOwars,AI game for devs,,,,ConsenSys / Peter Borah,game,proprietary,Ethereum ?,3. Stealth Mode,2015-04-22,
movETH,Decentralized Uber,,https://github.com/jorisbontje/moveth,,Joris Bontje,transportation,,Ethereum Metropolis,2. On Hold (pending mobile & whisper),2015-04-22,
Allied Peers,P2P Insurance,https://www.youtube.com/watch?v=uVc695z4GqU,,,Bitsilk / Elias Haase,insurance,,Ethereum POC9,0. Unknown,2015-04-22,
MintChalk,In-browser smart contract building / publishing,http://www.mintchalk.com/,,,James Alexander Levy,development,,Serpent 1.0,7. Working Prototype,2015-04-23,
Adept,IBM/Samsung IoT Project,https://www.youtube.com/watch?v=U1XOPIqyP7A,,,John Cohn,internet of things,,Ethereum POC5?,6. Demo,2015-04-23,
PointNurse,Decentralized Healthcare,http://www.pointnurse.com/,,,Cyrus Maaghul,healthcare,,?,4. Concept,2015-04-23,
Crypto Swartz,Incentivized content curation,,https://github.com/cryptoswartz,,Ethan Buchman / Vlad Zamfir,communication,,Ethereum 2.0,2. On Hold (pending more infrastructure),2015-04-23,
EtherScripter,Visual Smart Contract Editor,http://etherscripter.com,,,mode80,development,,Ethereum POC6 ?,1. Abandoned,2015-04-23,
Golem,Distributed computation,https://www.youtube.com/watch?v=JA-UkjnapAU,,,Piotr Zieliński,grid computing,,,0. Unknown,2015-04-23,
Foodway,Enables real-time multi-dimensional traceability along the food chain,http://goo.gl/FGURjR,,,Yonatan S,traceability,,,0. Unknown,2015-04-23,
Monegraph,a digital artwork registry and marketplace ,https://www.youtube.com/watch?v=AXVy3HUI5zM,,,Chris Tse,"registry,market",,,0. Unknown,2015-04-23,
Epok,"Remittance service with plans for a decentralised exchange, microloans, crowdfunding.",,,,Bill Schafer / Kobi Gurk,"exchange,crowdfunding",,,0. Unknown,2015-04-23,
Crowdesto,Crowdfunded political movements,http://crowdesto.com,,,Sam Collins,crowdfunding,,,0. Unknown,2015-04-23,
Serpent.py,A Python Implementation of the Serpent Programming Language for Ethereum,,https://github.com/BlockchainSociety/Serpent3,,Jarrad Hope,development,GPL,Ethereum POC9,5. Work In Progress,2015-04-28,
Swarm,Distributed File Storage,,https://github.com/ethersphere/go-ethereum/tree/bzz,,Daniel Nagy,storage,LGPL,Ethereum Metropolis,5. Work In Progress,2015-04-28,
EtherMarket,Decentralized Marketplace,,https://github.com/ethermarket/ethermarket,,Iuri Matias / Ryan Casey,market,?,Ethereum POC9,5. Work In Progress,2015-04-28,
EtherID,Identity / Reputation Platform,,,,Paul Mumby,reputation,,Ethereum POC9,3. Stealth Mode,2015-04-28,
OrgFactory,DAO Automation platform,,,,Paul Mumby,governance,,Ethereum POC9,3. Stealth Mode,2015-04-28,
Chronos,Trusted timestamp on top of ethereum,,https://github.com/mquandalle/chronos,,Maxime Quandalle,registry,MIT,Ethereum POC4,1. Abandoned,2015-04-28,
Guarante eMarket,Peer-to-peer marketplace for guarantees,https://communities.cyclos.org/garanteemarket,,,Bruno Ricardo Ferreira,market,,Ethereum ?,4. Concept,2015-04-29,
SmartK,Make your NDA Smart,http://smartk.co/,,,Harm Bavinck,legal,,Ethereum ?,4. Concept,2015-04-29,
DigixGlobal,Gold storage,https://www.dgx.io/,,,Anthony Eufemio & co,subcurrency,,Ethereum ?,4. Concept,2015-04-29,
Lazooz,Ridesharing,http://lazooz.org/,,,Shay Luf,transportation,,Android,4. Concept,2015-04-29,
DappTorrent,Decentralized BitTorrent Catalog,,,,?,catalog,,Ethereum Metropolis,3. Stealth Mode,2015-04-29,
BoardRoom,Board election and voting,http://boardroom.to/,https://github.com/web3-gov/meteor-dapp-boardroom,,Nick Dodson,governance,,Ethereum POC9,3. Stealth Mode,2015-05-27,
Ether.Fund,Ethereum Resources,http://ether.fund,,,J.R. Bédard,blockchain explorer,MIT,Ethereum POC9,7. Working Prototype,2015-06-01,
Blocknet,Decentralized Exchange,http://blocknet.co,,,Dan Metcalf & Arlyn Culwick,exchange,,Ethereum,4. Concept,2015-06-03,
Blocknet,Inter-blockchain application platform,http://blocknet.co,,,Dan Metcalf & Arlyn Culwick,development,,Ethereum,4. Concept,2015-06-03,
EyePi,Crowdsourced medicine,http://eyepi.com/,,,Bryan Hill,healthcare,,,4. Concept,2015-06-10,
Bit Vote,Voting with time on the blockchain,http://bitvote.github.io,https://github.com/BitVote,,Aaron Bale,politics,,Ethereum ?,0. Unknown,2015-06-10,
ClimateCoin,Coins for those who offset carbon,http://climatecolab.org/web/guest/plans/-/plans/contestId/1301417/planId/1313601,,,Dennis Peterson,subcurrency,,Ethereum,4. Concept,2015-06-11,
Ascend,A decentralized encrypted payload delivery system,,,,Louis-Pierre Morin,storage,Opensource,Ethereum POC9,5. Work In Progress,2015-06-18,
TrustlessPrivacy,Interoperable electronic health records,http://www.trustlessprivacy.com,,,sam@trustlessprivacy.com,healthcare,,Solidity,5. Work In Progress,2015-06-23,
chess_contracts,Chess,,https://github.com/bigmug/chess_contracts,,bigmug,game,MIT,Ethereum POC4,1. Abandoned,2015-06-23,
Croesus,Decentralized advertising platform build on ethereum,https://youtu.be/AQbYjmhLLIA,,,Anthony Eufemio,advertizing,,Ethereum,3. Stealth Mode,2015-07-02,
Jaakme.in,Decentralised music steaming service,http://jaakme.in/,,,Vaughn McKenzie,content,,Ethereum,5. Work in Progress,2015-07-02,
Truffle,Development framework for Ethereum,,https://github.com/ConsenSys/truffle,,Tim Coulter,development,MIT,Ethereum,7. Working Prototype,2015-07-07,
WeiLend,P2P Lending,,https://github.com/WeiLend/WeiLend,,Massi Terzi,lending,Apache,Ethereum,5. Work in Progress,2015-07-08,
Spritzle,Fractional investment platform for Ethereum,http://www.spritzle.io/,,,Patrick Salami,trading,,Ethereum POC9,6. Demo,2015-07-09,
cyber•Fund,"Make digital investments comprehensible, accessible, easy and safe",https://cyber.fund/,,,Dima Starodubcev,investment,,Ethereum,4. Concept,2015-07-20,
PowerBall,"""Powerball""-style lottery",,https://github.com/PeterBorah/ethereum-powerball,,Peter Borah,game,MIT,Serpent,5. Work In Progress,2015-07-20,
Vevue,Bringing Google Street View to life,http://www.govevue.com/,,,Thomas Olson,transportation,,,4. Concept,2015-08-10,
HonestDice,Completely fair dice game,https://explorer.etherapps.info/dice,,,etherapps.info,game,MIT,Ethereum,8. Live,2015-08-12,
NotarEth,Ethereum based notary service,,https://github.com/maran/notareth,https://www.reddit.com/r/ethereumprojects/comments/3gwxbo/prototype_proof_of_existence_notary_dapp/,Maran Hidskes,"notary,registry",MIT,Ethereum,8. Live,2015-08-13,
Ether.Camp,Blockchain explorer,http://frontier.ether.camp/,,,Roman Mandeleil,blockchain explorer,,Ethereum,8. Live,2015-08-13,
EtherScan,Blockchain explorer,http://etherscan.io/,,https://www.reddit.com/r/ethereumprojects/comments/3gwwjh/etherscan_ethereum_block_explorer/,Matt Tan,blockchain explorer,,Ethereum,8. Live,2015-08-14,
EtherEx,Decentralized Exchange,https://etherex.org/,https://github.com/etherex/etherex,https://www.reddit.com/r/etherex,caktux,exchange,MIT,Ethereum POC9,7. Working Prototype,2015-08-15,
WeiFund,Crowdfunding Platform,http://weifund.io/,https://github.com/weifund,,Nick Dodson,crowdfunding,MIT,Ethereum POC9,7. Working Prototype,2015-08-15,
Augur,Decentralized Prediction Market,http://www.augur.net/,https://github.com/AugurProject,https://www.reddit.com/r/augur,"Jack Peterson, Joey Krug, etc",prediction market,GPL,Ethereum POC9,7. Working Prototype,2015-08-15,
Cosmo,Meteor dapp for building and vetting solidity contracts,http://cosmo.to/,https://github.com/SilentCicero/meteor-dapp-cosmo,,Nick Dodson,development,MIT,Ethereum POC9,7. Working Prototype,2015-08-15,
Etherparty,Smart Contracts deploying the Cloud,http://etherparty.io/,https://github.com/etherparty,,"Lisa Cheng, Whit Jack",development,,?,4. Concept,2015-08-15,
Embark,Framework for Ethereum DApps,https://iurimatias.github.io/embark-framework/,https://github.com/iurimatias/embark-framework,,Iuri Matias,development,MIT,Ethereum POC9,8. Live,2015-08-15,
smart-exchange,Exchange service,http://debris.gitbooks.io/ethchange/content/,https://github.com/ethchange/smart-exchange,https://www.reddit.com/r/ethereumprojects/comments/3h2yzi/smartexchange_ethereum_exchange_service/,Marek Kotewicz,exchange,MIT,Ethereum,7. Working Prototype,2015-08-15,
studbook,Tinder for horses,,https://github.com/ajunge/StudBook,https://www.reddit.com/r/ethereum/comments/3h8kze/consensys_dappathon_studbook_horseregistry/,Andres Junge,game,MIT,Ethereum,6. Demo,2015-08-17,
EtherCrawler,A dungeon crawler and challenge market based on Ethereum,,https://github.com/ConsenSys/ether-crawler,https://www.reddit.com/r/ethereum/comments/3h8yx9/ethercrawler_a_dungeon_crawler_based_on_ethereum/,Peter Borah,game,MIT,Ethereum,6. Demo,2015-08-17,
Frozeth,Ethereum tools for the offline machine,,https://github.com/kobigurk/frozeth,https://www.reddit.com/r/ethereum/comments/3hfpa5/frozeth_ethereum_tools_for_the_offline_machine/,Kobi Gurkan,wallet,MIT,Ethereum,7. Working Prototype,2015-08-17,
EtherListen,Realtime Ethereum transaction visualizer.,http://www.etherlisten.com/,https://github.com/kobigurk/etherlisten,https://www.reddit.com/r/ethereum/comments/3hzlhx/etherlisten_realtime_ethereum_transaction/,Kobi Gurkan,blockchain explorer,MIT,Ethereum,8. Live,2015-08-24,
Dapper,High Level EVM Assembly meta-programming using Python,,https://github.com/syng-io/dapper,https://www.reddit.com/r/ethereum/comments/3hyoe8/dapper_a_highlevel_assembly_metaprogrammer_in/,Jarrad Hope,development,GPLv3,Ethereum,5. Work in Progress,2015-08-24,
ChainGraph,Blockchain visualizer,http://chaingraph.com/,https://github.com/jesuscript/eth-blockchain-visualiser,https://www.reddit.com/r/ethereum/comments/3ibjxu/chain_graph_a_blockchain_visualiser/,Konstantin Kudryavtsev,blockchain explorer,MIT,Ethereum,7. Working Prototype,2015-08-25,
HitFin,Bilateral settlement of OTC derivatives in 15 seconds,http://www.hitfin.com/,,,Patrick Salami,trading,proprietary,Ethereum,4. Concept,2015-08-26,
Raikoth,Governance experiment,,https://github.com/moridinamael/raikoth,,moridinamael,"crowdfunding,politics",,Ethereum,4. Concept,2015-08-26,
Ethos,An Ethereum Browser,,https://github.com/projectdnet/ethos,,d11e9,"browser,gui,wallet",MIT,Ethereum,7. Working Prototype,2015-08-26,
content,p2p community content platform,,https://github.com/d11e9/content,,d11e9,"reddit,community",MIT,Ethereum,5. Work in Progress,2015-08-26,
Occams Run,All things being equal (50/50) only The Brave will win,http://d11e9.github.io/Occams-Run/,https://github.com/d11e9/Occams-Run,,d11e9,"game,chance",MIT,Ethereum,7. Working Prototype,2015-08-26,
PirateChest,p2p magnet discovery,http://piratechest.github.io/,https://github.com/piratechest/piratechest,,d11e9,"p2p,search",MIT,Ethereum,7. Working Prototype,2015-08-26,
EtherPot,Provably Fair Lottery,http://etherpot.github.io/,https://github.com/etherpot,https://www.reddit.com/r/ethereum/comments/3ieurg/introducing_etherpot/,Aakil Fernandes,"game,lottery",MIT,Ethereum,7. Working Prototype,2015-08-27,
Avatar,distributed profile registry,http://d11e9.github.io/avatar/,https://github.com/d11e9/avatar,,d11e9,"registry,profiles",MIT,Ethereum,7. Working Prototype,2015-08-28,
Universal ÐApp,A Universal Interface for contracts on the Ethereum blockchain,,http://github.com/d11e9/universal-dapp,,d11e9,"ui,tool,dapp",MIT,Ethereum,8. Live,2015-09-03,
AuditDog,SW audit repository,http://quiark.github.io/AuditDog/,https://github.com/quiark/AuditDog,https://www.reddit.com/r/ethereum/comments/3jyab6/auditdog_contract_sw_audit_database_etherwall/,Roman Plášil,"security,auditing",MIT,Ethereum,7. Working Prototype,2015-09-08,
Project Basil,Decentralised Vulnerability feed management,,https://github.com/18dew/Project-Basil,,Harsh Patel,"security,vulnerability feed,CERT",MIT,Ethereum,7. Working Prototype,2015-09-15,
Dynamis,Insurance Dapp,http://www.dynamisapp.com/,,https://www.reddit.com/r/ethereum/comments/3m38y6/dynamis_peer_to_peer_insurance_blog_posts/,Joshua Davis,insurance,,Ethereum,5. Work In Progress,2015-09-24,
CryptoRPS,Rock-Paper-Scissor game with a twist,http://cryptorps.com/,,https://www.reddit.com/r/ethereum/comments/3lt8mb/the_first_ever_ethereum_contract_in_the_wild/,CryptoRPS,"game,chance",proprietary,Ethereum,8. Live,2015-09-24,
Ethereum Alarm Clock,Schedule contract calls,http://www.ethereum-alarm-clock.com/,https://github.com/pipermerriam/ethereum-alarm-clock,https://www.reddit.com/r/ethereum/comments/3lzxd2/ethereum_alarm_clock/,Piper Merriam,"development,scheduling",MIT,Ethereum,8. Live,2015-09-24,
Dereo,Decentralized over-the-air television streaming network,http://dereo.io/,https://github.com/dereo,,Dereo,"streaming,video",,,4. Concept,2015-09-28,
Colony,Companies for the 21st Century,http://colony.io/,,https://www.reddit.com/r/ethereum/comments/3ib76c/colonyio_makes_it_easy_for_people_all_over_the/,AttaAtta,governance,proprietary,Ethereum,7. Working Prototype,2015-09-29,
meteor-embark,Streamlined Ethereum Integration for Meteor,,https://github.com/hitchcott/meteor-embark,,Chris Hitchcott,development,MIT,Ethereum,7. Working Prototype,2015-09-30,
slock.it,"If you can lock it, we will let you rent, sell or share it.",http://slock.it/,https://github.com/slockit/slock-js/,,Christoph Jentzsch,internet of things,GPL,Ethereum,7. Working Prototype,2015-10-02,
Grove,"Fast, efficient, queryable storage for ethereum contracts",https://ethereum-grove.readthedocs.org/,https://github.com/pipermerriam/ethereum-grove,,Piper Merriam,"tree,api",MIT,Ethereum,8. Live,2015-10-07,
LightWallet,Lightweight JS Wallet for Node and the browser,,https://github.com/ConsenSys/eth-lightwallet,,ConsenSys / Chris Lundkvist,wallet,MIT,Ethereum,7. Working Prototype,2015-10-07,
ethereum-datetime,Ethereum Date and Time tools,,https://github.com/pipermerriam/ethereum-datetime,https://www.reddit.com/r/ethereum/comments/3nq4vt/datetime_utils_for_ethereum_contracts/,Piper Merriam,"date,time",MIT,Ethereum,7. Working Prototype,2015-10-07,
Populus,Ethereum Contract Development Framework,https://populus.readthedocs.org/,https://github.com/pipermerriam/populus,,Piper Merriam,development,MIT,Ethereum,7. Working Prototype,2015-10-07,
Spore,Simple package manager for dApp development based on ethereum and IPFS,http://spore.memhub.io/,https://github.com/mhhf/spore,https://www.reddit.com/r/ethereum/comments/3qlelf/spore_a_simple_package_manager_for_dapp/,Denis Erfurt,"development,packaging,ipfs",MIT,Ethereum,7. Working Prototype,2015-10-29,
Etheria,The first-ever decentralized virtual world,http://etheria.world/,https://github.com/fivedogit/etheria,https://www.reddit.com/r/ethereum/comments/3qecog/decentralized_virtual_worlds_how_epic_etheria/,fivedogit,"sandbox,world",GPL,Ethereum,8. Live,2015-11-07,
Oraclize,Provable honest oracle service,https://www.oraclize.it/,,,Thomas Bertani,"datafeed,oracle",proprietary,Ethereum,8. Live,2015-11-10,
Shapeshift Bot,Simple Ethereum contract to transfer Ether to Bitcoin,http://axic.github.io/shapeshiftbot/,https://github.com/axic/shapeshiftbot,,Alex Beregszaszi,"api,exchange,bitcoin",MIT,Ethereum,7. Working Prototype,2015-11-12,
PublicVotes,"A publicly verifiable Voting System, powered by Smart Contracts",http://publicvotes.org/,https://github.com/domschiener/publicvotes,,Dominik Schiener,voting,MIT,Ethereum,7. Working Prototype,2015-11-12,
Ethereum Pyramid,Ethereum Pyramid Contract,https://ethereumpyramid.com/,,https://www.reddit.com/r/ethereum/comments/3jzkff/ethereumpyramidcom_visualizing_the_state_of_an/,ethererik,"ponzi,scam",,Ethereum,8. Live,2015-11-13,
Ampliative Art,"A decentralized, cooperative and empowering art community",http://www.ampliativeart.org,,,Adrian Onco,"art,exchange,coop",,Ethereum,4. Concept,2015-11-13,
String,Autonomous & open financial cloud for financial assets,http://string.technology/,,https://www.reddit.com/r/ethereum/comments/3t05yw/string_autonomous_financial_cloud_for_assets/,Dominic Williams,"asset,exchange",,Ethereum,4. Concept,2015-11-14,
Etherboard,Combining a Ponzi-scheme with the MillionDollarHomepage,http://etherboard.io/,,https://www.reddit.com/r/ethereum/comments/3rzyp6/etherboard_an_image_powered_by_the_blockchain/,unknown,"pixels,ponzi",MIT,Ethereum,7. Working Prototype,2015-11-15,
Etherdice,Provably fair and escrowed gambling,https://etherdice.io/,,https://www.reddit.com/r/ethereum/comments/3pt0o1/etherdice_provably_fair_and_escrowed_gambling_now/,vnovak,"dice,gambling",proprietary,Ethereum,8. Live,2015-11-15,
TokenEscrow,Contract for running an escrow service for Ethereum token-contracts,,https://github.com/axic/ethereum-tokenescrow,https://www.reddit.com/r/ethereum/comments/3sx4e2/a_open_source_contract_for_running_an_escrow/,Alex Beregszaszi,"escrow,token",MIT,Ethereum,5. Work in Progress,2015-11-16,
FreeMyVunk,Monitize your video game junk,http://www.freemyvunk.com/,,,R. Tyler Smith,"gaming,token,market",,Ethereum,4. Concept,2015-11-19,
proof-of-individuality,anti-sybil token,http://proofofindividuality.tk,https://github.com/d11e9/poi,,d11e9,"sybil,token",MIT,Ethereum,5. Work in Progress,2015-11-20,
Taxeme,A component of the Resilience taxation system,,https://github.com/resilience-me/Taxeme,,Johan Ngyren,"tax,token",MIT,Ethereum,5. Work in Progress,2015-11-20,
Browser-Solidity,Browser based solidity contract compiler & runtime,http://chriseth.github.io/browser-solidity/,https://github.com/chriseth/browser-solidity,,chriseth & d11e9,"solidity,compiler,development",MIT,Ethereum,8. Live,2015-11-20,
RANDAO,A DAO working as RNG of Ethereum,http://randao.org,https://github.com/randao/randao,,Youcai,"entropy,dao",MIT,Ethereum,5. Work in Progress,2015-11-23,
Blockchain Backpack,Valve Item Economy on Ethereum ,http://www.blockchainbackpack.org/,https://github.com/drblue9001/blockchain-backpack,https://www.reddit.com/r/ethereum/comments/3tr8b3/the_blockchain_backpack_a_proof_of_concept/,Dr. Blue,"gaming,assets,market",Apache,Ethereum,4. Concept,2015-11-23,
Community-Currency,Community currency with zero reserve mutual credit and adjustable parameters,,https://github.com/segovro/Community-Currency,https://www.reddit.com/r/ethereum/comments/3u0qay/communitycurrency/,Rogelio Segovia,"p2p,currency,community",CC0,Ethereum,5. Work in Progress,2015-11-24,
TinyOracle,Simple data provider toolkit for Ethereum,,https://github.com/axic/tinyoracle,https://www.reddit.com/r/ethereum/comments/3u7rht/tinyoracle_simple_guide_on_how_to_implement_data/,Alex Beregszaszi,"oracle,datafeed",MIT,Ethereum,7. Working Prototype,2015-11-25,
EtherID,Ethereum Name Registrar,http://etherid.org/,https://github.com/lexansoft/EtherID.org,,Alexandre Naverniouk,registry,Apache,Ethereum,8. Live,2015-11-30,
MetaMask,MetaMask brings Ethereum to your web browser,https://metamask.io/,https://github.com/metamask/,https://www.reddit.com/r/ethereum/comments/3i6oe2/metamask_preview/,Aaron Davis,"catalog,browser",MIT,Ethereum,5. Work in Progress,2015-12-09,
JobMarket,Decentralized job market of the future for humans and IoT,http://jobmarket.on.ether.camp:8080/,https://github.com/ultra-koder/JobMarket,,Ultra Koder,"job,market,work,iot",MIT,Ethereum,7. Working Prototype,2015-12-09,
iudex,smart contract based reputation system,http://iudex.github.io,https://github.com/iudex/iudex,https://www.reddit.com/r/ethereum/comments/3vpe4y/hack_we_have_the_winner_bertani_and_axis_iudex/,"Alex Beregszaszi, Thomas Bertani",reputation,MIT,Ethereum,7. Working Prototype,2015-12-10,
Dapp Store,Marketplace for Dapps,http://dappstore.io/,,,Tim Coulter,"catalog,market",proprietary,Ethereum,8. Live,2015-12-11,
ethID,Decentralised Password Vault,,,,Argyris Xafis,"password,storage,safe,vault",proprietary,Ethereum,4. Concept,2015-12-20,
4G Capital Smart Contracts,Donors can use the application to fund small businesses in Kenya using digital currency. The money lent is converted and disbursed to the businesses using 4G Capital's transactional system.,http://www.4g-capital.com/,,,Erick Murimi,kenya,GPL,Ethereum,4. Concept,2015-12-20,
etherforum,An experimental / proof of concept / distributed forum built on top of Ethereum,http://matiasinsaurralde.github.io/etherforum/,https://github.com/matiasinsaurralde/etherforum,,Matias Insaurralde,communication,Public Domain,Ethereum,5. Work in Progress,2015-12-21,
Decentralized Twitter,Microblogging on the Ethereum blockchain,,https://github.com/yep/eth-tweet,,Jahn Bertsch,"twitter,solidity",GPLv3,Ethereum,7. Working Prototype,2015-12-22,
Verbatm,A marketplace for employment credentials,http://verbatm.info/,,,Ciaran Murray,"p2p,trustless credentials,marketplace",proprietary,Ethereum,4. Concept,2015-12-25,
Cetas,Adaptive data intelligence ( Digital Identity Management | KYC & AML | Financial Scoring ),http://cetas.systems,,,Algorythmix,"kyc,credit rating",proprietary,Ethereum,6. Demo,2016-08-13,
Dapple,smart contract package manager and build tool,https://dapple.info,https://github.com/NexusDevelopment/dapple,,Nexus Dev,development,MIT,Ethereum,8. Live,2016-01-02,
dappsys,Solidity Contract System Framework,http://dappsys.io/,https://github.com/NexusDevelopment/dappsys,,Nexus Dev,development,MIT,Ethereum,7. Working Prototype,2016-01-02,
EthHypeDns,Resolve Hyperboria/CJDNS ipv6 addresses via etherid.org contact,,https://github.com/slothbag/EthHypeDns,,slothbag,"dns,domain,lookup",proprietary,Ethereum,8. Live,2016-01-05,
Venture Equity Exchange,Decentralized Autonomous Ventures (DAVs),https://ventureequity.exchange/,https://github.com/VentureEquityExchange/,,"Ryan Tate, Sean Pollock","equity, exchange, autonomous, DAO, DAV",proprietary,Ethereum,3. Stealth Mode,2016-01-13,
insurETH,P2P flight insurance,http://insureth.mkvd.net/,https://github.com/bertani/insurETH,,"Thomas Bertani, Kristina Butkute, Francesco Canessa","insurance,flight,oracle",Apache,Ethereum,5. Work in Progress,2016-01-21,
KingOfTheEtherThrone,"Will make you a King or Queen, might grant you riches, and will immortalize your name.",http://www.kingoftheether.com/,https://github.com/kieranelby/KingOfTheEtherThrone,https://www.reddit.com/r/ethereum/comments/44h1m1/a_new_%C3%B0app_king_of_the_ether_throne/,Kieran Elby,game,proprietary,Ethereum,7. Working Prototype,2016-02-06,
Icebox,A cold storage solution for Ether,,https://github.com/consenSys/icebox,https://www.reddit.com/r/ethereum/comments/431fns/introducing_icebox_a_cold_storage_ether_wallet/,Christian Lundkvist,"wallet,cold storage",MIT,Ethereum,8. Live,2016-02-11,
Ethereum Computation Market,Verifiable off-chain computation for ethereum contracts.,http://www.ethereum-computation-market.com/,https://github.com/pipermerriam/ethereum-computation-market,https://www.reddit.com/r/ethereum/comments/4596yr/ethereum_computation_market_developer_prerelease/,Piper Merriam,"market,computation",MIT,Ethereum,7. Working Prototype,2016-02-15,
EtherAPIs,Micropayment platform for generic API calls,http://etherapis.io/,https://github.com/etherapis/etherapis,https://www.reddit.com/r/ethereum/comments/42qrrn/vote_for_the_ethereum_team_on_the_gopher_gala_d/,Péter Szilágyi & Jeffrey Wilcke,"micropayment,api,payment channel",GPL,Ethereum,7. Working Prototype,2016-02-16,
Solether,Autonomous Electrical Energy Entities - Prototype +EntityConcept,http://solether.mkvd.net/,https://github.com/makevoid/solether,https://www.reddit.com/r/ethereum/comments/3s3bd5/slockit_hackat,Francesco 'makevoid' + KristinaB,"solether, nodejs, arduino, solar, charger, enrgy, autonomous, autonomous entity, intel, edison",Unlicense,Ethereum,7. Working Prototype,2016-02-17,
EtherDoubler,The first doubler with verified contract,http://app.etherdoubler.com/,,,Satoshi :),,proprietary,Ethereum,8. Live,2016-02-17,
EtherWall,GUI desktop wallet for Ethereum,http://etherwall.com,https://github.com/almindor/etherwall,https://www.reddit.com/r/ethereumprojects/comments/3hvu53/etherwall_gui_desktop_wallet_for_ethereum/,Aleš Katona,wallet,GPLv3,Ethereum,8. Live,2016-02-18,
PROFΞTH,A smart contracts ecosystem for a resource-based digital economy,http://www.profeth.org/,https://github.com/profeth/,,Roberto Valenti,"Resource Based Economy, Predictive Market, DAO, contract ecosystem, zeitgeist movement, the venus project, digital economy",MIT,Ethereum,3. Stealth Mode,2016-02-22,
EthereumWall,Decentralized unmoderated public message board,http://ethereumwall.com/,,https://www.reddit.com/r/ethereum/comments/47c9yu/ethereumwallcom_launched_an_ethereum_powered/,LPMitchell,"message, social, board, forum, chat",proprietary,Ethereum,8. Live,2016-02-25,
LΞTH,LΞTH is the first hybrid mobile app to manage an Ethereum wallet,http://www.inzhoop.com/,https://github.com/inzhoop-co/LETH,,Inzhoop,,GPL,Ethereum,7. Working Prototype,2016-02-25,
the.looney.farm,A small (& growing) collection of ETH in/ETH out games,http://the.looney.farm/,https://github.com/thelooneyfarm/contracts,,Xavier Yvez,"lottery,fifty,slots,dice",proprietary,Ethereum,7. Working Prototype,2016-03-02,
dns2,Potential improvement on the DNS in the form of a smart contract,http://sinking-point.github.io/dns2/,https://github.com/sinking-point/dns2/,,Sinking Point,"dns, dns2, domain, name, system",GPLv3,Ethereum,5. Work in Progress,2016-03-04,
Quorum,Protect your Ethers with Bitcoin hardware wallets,http://quorumwallet.com/,https://github.com/quorumwallet,https://www.reddit.com/r/ethereum/comments/498ltg/quorum_using_bitcoin_hardware_wallets_to_secure/,Alex Beregszaszi,"bitcoin,wallet,hardware",GPL,Ethereum,7. Working Prototype,2016-03-07,
Ujo Music,Rebuilding the music industry on the blockchain,http://ujomusic.com/,,https://www.reddit.com/r/ethereum/comments/3ozzpp/ujo_music_update_imogen_heap_tiny_human_prototype/,ConsenSys,"music,ujo",proprietary,Ethereum,7. Working Prototype,2016-03-08,
GroupGnosis,Prediction market,http://groupgnosis.com/,,https://www.reddit.com/r/ethereum/comments/3i9i8m/groupgnosis_prediction_market_is_live_trading_has/,ConsenSys / Martin Köppelmann & Stefan George,prediction market,proprietary,Ethereum,8. Live,2016-03-10,
Transactive Grid,Peer to peer home produced energy trading,http://transactivegrid.net/,,https://www.reddit.com/r/ethereum/comments/48qfd8/transactive_grid_intro/,Martin Lundfall / ConsenSys,"energy,grid",proprietary,Ethereum,6. Demo,2016-03-10,
NervemeterDAO,100% transparent charitable org,http://www.nervemeter.co.uk/,,,Ian Allison & Kieron Livingstone,"Charity, DAO, homelessness",,Ethereum,4. Concept,2016-03-11,
GovernMental,Educational Ponzi Schema,http://governmental.github.io/GovernMental/,https://github.com/GovernMental/GovernMental,https://www.reddit.com/r/ethereum/comments/49vci3/10000_bounty_f,g0vernmental,ponzi,proprietary,Ethereum,8. Live,2016-03-11,
Pangea,A Blockchain Jurisdiction,http://www.bitnation.co/,https://github.com/Bit-Nation,,BITNATION,,MIT,Ethereum,6. Demo,2016-03-11,
Arcade City,Ridesharing for the people,https://arcade.city/,https://github.com/ArcadeCity,https://www.reddit.com/r/ethereum/comments/420t0a/arcade_city_a_decentralized_uber_that_connects/,Christopher David,"uber,rideshare",,Ethereum,5. Work in Progress,2016-03-12,
Grid Singularity,Decentralized energy data exchange platform,http://gridsingularity.com/,,,Ewald Hesse,energy,proprietary,Ethereum,4. Concept,2016-03-12,
Etherdesign,AI Design Dapp,http://etherdesign.io/,,https://www.reddit.com/user/EtherDesignIO/,Ed,"design,ai",,Ethereum,6. Demo,2016-03-14,
Melange,Marriage of internet protocols to internet policy,http://melnge.github.io/Melange/,https://github.com/Melnge,,Algorythmix,,CC BY-SA,Ethereum,4. Concept,2016-03-15,
BlockApps,Scalable Enterprise Blockchain Platform,http://blockapps.net/,https://github.com/blockapps,,Consensys / Kieren James-Lubin,development,,Ethereum,8. Live,2016-03-16,
SafeMarket,P2P Marketplace,http://safemarket.github.io/,https://github.com/SafeMarket,https://www.reddit.com/r/safemarket,Aakil Fernandes,"market,trade",MIT,Ethereum,7. Working Prototype,2016-03-16,
Ethereum x 1.8,Multiplier ethereum 1.8x Payouts,https://double-ethe.rhcloud.com/,,,Diana,ponzi,proprietary,Ethereum,8. Live,2016-03-16,
Ether Wheel,A simple Ethereum lottery with a user-friendly interface,http://etherwheel.io/,https://github.com/doppio/EtherWheel,https://www.reddit.com/r/ethereum/comments/4abaki/wwwetherwheeli,doppio,"lottery, wheel, ether, gamble, gambling, earn, user-friendly,interface,visual",MIT,Ethereum,8. Live,2016-03-17,
PatrolX,Threat intelligence and breach alerts with no false positives.,http://www.patrolx.com,,,Adam Sculthorpe,"cybersecurity, intelligence",,Ethereum,5. Work in Progress,2016-03-17,
Protect The Castle,Ponzi Game: Protect The Castle - x2 + Jackpot,http://protect-the-castle.ether-contract.org/,,,MilkyWayz,"ponzi, pyramid, castle, game, citizen, ponzi game",,Ethereum,8. Live,2016-03-21,
uPort,The next-generation identity system,http://uport.me/,https://github.com/ConsenSys/uport-sso.js,,ConsenSys,"identity, kyc, aml",MIT,Ethereum,5. Work in Progress,2016-03-21,
Election Commission,Decentralize monitoring of election data,,,,Rohit Pawar,"Decentralize,Governance,Politics,Election",,Ethereum,4. Concept,2016-03-21,
Balanc3,Triple Entry Accounting,http://balanc3.net/,,,Consensys / Jeff Ward & Christian Lundkvist,"Accounting, Blockchain, Ethereum",proprietary,Ethereum,5. Work In Progress,2016-03-22,
Etheropt,Decentralized Ethereum options exchange,http://etheropt.github.io,http://github.com/etheropt/etheropt.github.io,,Etherboost,"options, finance, exchanges, transactions",,Ethereum,8. Live,2016-03-23,
EtherLi Multi-Sig Wallet,Multi-Sig Wallet with 2FA and mist support,https://www.ether.li/,,https://www.reddit.com/r/ethereum/comments/4bn96p/launching_ethe,Ben Chan / Mason Borda,"wallet, multi-sig, contract wallet, multisig, 2fa, bitgo",,Ethereum,7. Working Prototype,2016-03-24,
Proof of Physical Address,Smart oracle that serves as a primitive form of Know-Your-Customer,https://proofofphysicaladdress.com/,,,ConsenSys,"kyc, identity, uport, regis",proprietary,Ethereum,8. Live,2016-03-25,
DAERS,Decentralize autonomous emergency reporting system,,https://github.com/mizutaka/DAERS,,mizutaka,,MIT,Ethereum,4. Concept,2016-03-27,
Watchdog,Framework for decentralized watchdog,https://patrykkalinowski.com/blog/2016/03/26/blockchain-as-a-decentralized-watchdog.html,,,zyzioziom,"watchdog, storage, trust",,Ethereum,4. Concept,2016-03-28,
Hedgy,Demo of an ISDA Master Agreement,http://www.hedgy.co/,,,Hedgy,,,Ethereum,6. Demo,2016-03-28,
Dynamic Payout Pyramid,A pyramid with payouts and fees that alter for prompt payout,http://ethpyramid.tk/,,https://www.reddit.com/r/ethtrader/comments/496l0b/easily_increa,Daedalus,"Gambling, Pyramid, Ponzi",proprietary,Ethereum,8. Live,2016-03-29,
Rubixi,A Pyramid with Dynamic Multiplier Factor & Accelerated Payouts,https://etherscan.io/address/0xe82719202e5965Cf5D9B6673B7503a3b92DE20be,,,Rubixi,"Pyramid, Doubler, Multiplier, Payouts, ponzi",proprietary,Ethereum,1. Abandoned,2016-03-29,
GenesisDAO,A General-Purpose DAO,http://genesisdao.github.io/,https://github.com/GenesisDAO/genesis,,Miles,DAO,GPL,Ethereum,5. Work in Progress,2016-03-29,
THΞ GREEÐ PIT,Fast pyramid-inspired game with random and strategic elements,http://thegreedpit.com/,https://github.com/katatsuki/greedpit/blob/master/GreedPit.sol,https://www.reddit.com/r/ethtrader/comments/4c9gdv/th%CE%BE_gree%C3%B0_pit/,Katatsuki,"ponzi, random, pyramid, game",GPL,Ethereum,8. Live,2016-03-29,
Rubix,Enterprise Blockchain Platform,http://rubixbydeloitte.com/,,,Rubix by Deloitte / Jinius Tu,"Ethereum, C++, enterprise",,Ethereum,8. Live,2016-03-29,
KYC-chain,"KYC onboard for banking, blockchains, and DAPPS",http://kyc-chain.com/,,,Edmund John,kyc,proprietary,Ethereum,6. Demo,2016-07-04,
ThanksCoin,Reputation Ranking and monetary reward of Internet users,https://www.thankscoin.org/,https://github.com/f0xiz/thankscoin,https://www.reddit.com/r/ethereum/comments/4clv88/thankscoinorg_reputation_ranking_and_monetary/,ThanksCoin,"reputation, social network, micropayments",MIT,Ethereum,7. Working Prototype,2016-04-02,
LittleCactus,"Faster Pyramid (lower investment, lower payout)",http://littlecactus.simplesite.com/,,https://www.reddit.com/r/ethereum/comments/4d16by/new_website_for_littlecactus_hes_getting_bigger/,Tdecha,"Gambling, pyramid, ponzi",,Ethereum,8. Live,2016-04-02,
Daemon Market,Decentralized Smart Darknet Market,http://daemonuxldeitsvu.onion/,,https://www.reddit.com/r/ethereum/comments/4d5xed/daemon_a_decentralized_autonomous_organization_a/,Daemon,"darknet, market, dao",,Ethereum,5. Work in Progress,2016-04-03,
Kato,Decentralized digital concierge for tasks and services,http://www.askkato.com.au/,https://github.com/AskKato,https://www.reddit.com/r/ethereum/comments/4d9sx3/hello_kato/,Donovan Walter-Girout,"Concierge, Services, Assistant, Online Tasks, Offline Tasks",,Ethereum,5. Work in Progress,2016-04-04,
AUC,Studios Currency,http://assembleutopia.com/,,https://www.reddit.com/user/Assemble_Utopia,Assemble Utopia,"gaming, token, DAO, crowdfunding, development, governance, subcurrency",,Ethereum,3. Stealth Mode,2016-04-06,
Maker / Dai,Stable Cryptocurrency,https://makerdao.com/,https://github.com/MakerDAO,https://www.reddit.com/r/makerdao,MakerDAO / Nexus Dev,"subcurrency, stablecoin",MIT,Ethereum,5. Work In Progress,2016-04-07,
Ethereum Jackpot,If 1m people play with just $1 we can make one a millionaire,http://ethjackpot.com/,,https://www.reddit.com/r/ethereum/comments/4dwmpo/lets_make_one_of_us_a_millionaire_the_perfect/,ETH Jackpot,"Lotto, Jackpot,Lottery,Draw, Millionaire Maker",,Ethereum,8. Live,2016-04-08,
Crystal,Crowdsource everything with the blockchain,http://getcrystal.net/,,,Matt Goldenberg,"crowdsourcing, prediction, reputation",MIT,Ethereum,5. Work in Progress,2016-04-09,
ESports Bets,Decentralized ESports betting platform,http://eth.csgobets.org/,https://github.com/manuelsc/eSportsETH,https://www.reddit.com/r/ethereum/comments/4d5o1n/esports_betting_contract/,Masaca,"esport, bets, betting, csgo",,Ethereum,8. Live,2016-04-10,
EthStick,"A satirical ponzi game w/ Ranking, designed to minimize risk",http://ethstick.com/,,https://www.reddit.com/r/ethtrader/comments/4ds0a5/ethstick_a_satirical_yet_profitable_ponzi_game/,Katatsuki,"ponzi, pyramid, game, fast, safe, ranking",,Ethereum,8. Live,2016-04-13,
Wekeep,Insurance - Keep money together for risk sharing,https://wekeep.io/,,,Adrian,"Insurance, escrow, risk",GPL,Ethereum,5. Work in Progress,2016-04-18,
Ethereum Early Adopters Registry,Put your name on the first official list of early adopters,http://www.ethrilleum.com/,,,Great Hill Corporation,Registry,MIT,Ethereum,5. Work in Progress,2016-04-24,
myHealthIRL,Decentralized Healthcare,http://www.myhealthirl.com/,https://github.com/Ivantt/myHealthIRL,https://www.reddit.com/r/ethereum/comments/4gj9tx/decentralised_healthcare_myhealthirl/,Ivan Jasenovic,"health, healthcare,",,Ethereum,5. Work in Progress,2016-04-27,
Community Owned Internet,Community Owned Internet,http://transitionfoundation.org/2016/04/community-owned-and-operated-internet-thats-faster-and-cheaper-than-telstra/,,,Thomas Miller,"internet, government, infrastructure, communications",,Ethereum,4. Concept,2016-04-28,
Regis,"Create, deploy and interact with registries on Ethereum.",http://regis.nu/,,,ConsenSys / Daniel Novy,"regis,registry,record,solidity",proprietary,Ethereum,8. Live,2016-04-29,
btcrelay,A bridge between the Bitcoin blockchain & Ethereum smart contracts,http://btcrelay.org/,https://github.com/ethereum/btcrelay,,Joseph Chow,"exchange,spv",MIT,Ethereum,8. Live,2016-05-03,
Last is me!,"Trustless, time based lottery",http://lastis.me/,https://github.com/lastisme/lastisme.github.io,https://www.reddit.com/r/ethereum/comments/4etbpl/last_is_me_tru,Riccardo Casatta,"Lottery, trustless, jackpot",MIT,Ethereum,8. Live,2016-05-03,
Etheroll,Ether dice game casino / gamble ether,http://etheroll.com/,https://github.com/jambtt/Etherflip,https://www.reddit.com/r/ethereum/comments/47z8sj/etherollcom_is_an_ethereum_blockchain_dice_roll/,James Britt,"dice, gamble, casino, ether, gambling, game, luck, chance, etheroll",proprietary,Ethereum,3. Stealth Mode,2016-05-05,
Eaterra,Planetary Food Sovereignty,http://eaterra.org/,,,Elliot Yeo,,,Ethereum,3. Stealth Mode,2016-05-05,
Matching Ethers,"Strategy and luck game. Round of 2 teams, Bet upside or flipped",http://www.matching-ethers.com/,,https://www.reddit.com/user/WhySoS3rious/,WhySoS3rious,"game, luck, strategy, gambling, information, economics",MIT,Ethereum,8. Live,2016-05-07,
FarmShare,Distributed community-supported agriculture (CSA) platform,http://farmshare.us/,https://github.com/libertect/FarmShare,,William E Bodell III,"Agriculture, food, market, tasks, token, community, csa, DAO, DCO, cooperative, coop, platform",,Ethereum,3. Stealth Mode,2016-08-08,
CAPSOL,Anonymous virtual geocaching with cryptos and game assets.,http://capsol.us/,,https://www.reddit.com/r/capsol,GoDarko,"anonymous, geocache, geofence, lottery, altruism, genorosity, localized, wall",,Ethereum,7. Working Prototype,2016-05-09,
Ethereum games,Site for luck based ethereum games,http://ethereumgames.net/,,,Ethereum games,"ethereum, games",,Ethereum,8. Live,2016-05-09,
CO•AKT,The Future of Crowdsourcing: Rapid Business and Group Formation,http://coakt.com/,,,"Nick Barba , Kevin Kriss",crowdsourcing,,Ethereum,5. Work in Progress,2016-05-12,
Crypted RPS,Uncheatable RPS Duels with encrypted hands,http://whysos3rious.com/rps,,https://www.reddit.com/user/WhySoS3rious,WhySoS3rious,"game, strategy, gambling, information, rps",,Ethereum,8. Live,2016-05-14,
elcoin,Multifunctional platform based on elCoin - ethereum token,http://7elephant.org/,,,Pavel Usenkov & Sergey Primachik,,,Ethereum,8. Live,2016-05-14,
ETH Digger,Investment in Ethereum cloud mining using smart contract,http://ethdigger.com/,https://github.com/ethdigger/ethdigger,https://www.reddit.com/r/ethereum/comments/4jl5d7/ethdiggercom_investment_in_ethereum_cloud_mining/,ETH Digger,"Ethereum, investment, cloud, mining, smart, contract, anonymous, ethdigger, eth, digger",MIT,Ethereum,8. Live,2016-05-16,
Proof of Phone,KYC oracle validates and links your phone number and eth address,https://www.proofofphone.com/,https://github.com/blocknotary/proofofphone,,Igor Barinov,"kyc, oracle, proof of phone, proof, identity",MIT,Ethereum,8. Live,2016-05-16,
Zonafide,Work together to stop fraud: beta DApp on Google Play,https://www.zonafide.net/,,,Paul Worrall,,,Ethereum,7. Working Prototype,2016-10-31,
KPCS Ethereum,The Kimberley Process certificate issuing process,,https://github.com/triage/KPCSEthereum,,Eric Schulte,"diamonds, certificate, raw materials",,Ethereum,7. Working Prototype,2016-05-17,
EtherDesign,A.I. Design Dapp,http://etherdesign.io/,,https://www.reddit.com/r/EtherDesignLab,Ed,design interface graphic,,Ethereum,8. Live,2016-05-18,
Trustery,Public Key Infrastructure and identity management system,,https://github.com/musalbas/trustery,,Mustafa Al-Bassam,,,Ethereum,7. Working Prototype,2016-05-19,
BatCountry,"Scrape local weather stations, Visualise the current meteorologic",,https://github.com/JamesWKerr/BatCountry,,James William Kerr,"weather stations, globalisation, Gaia, status, world health, aggregation",MIT,Ethereum,4. Concept,2016-05-20,
Ownage,"A platform to distribute, collect and trade digital game content",http://ownage.io/,,,Ownage,"gaming, trading, video games, VR, collectibles, trading cards, game content, AR, eSports",,Ethereum,3. Stealth Mode,2016-05-24,
Ticking Bomb,Who's Gonna Explode First ? Come help your team !,http://tickingbomb.ether-contract.org/,,,MilkyWayz,"Dapps, Game, Ticking, Bomb",,Ethereum,8. Live,2016-05-25,
AKASHA,Next-Generation Social Media Network,http://akasha.world/,,https://www.reddit.com/r/AkashaProject,AKASHA International,"Social Network, Social Media Network, Social Blogging Network",,Ethereum,7. Working Prototype,2016-05-25,
EtherSim,Ethereum simulator for testing and development purposes,,https://github.com/iurimatias/ethersim,,Iuri Matias,"tools,frameworks,simulators,test,tdd,bdd",MIT,Ethereum,8. Live,2016-05-25,
voteholder,reinvention of global governance,http://www.voteholder.org/,,,Michael,government human equal social direct democracy,,Ethereum,4. Concept,2016-05-26,
putshort.com,worlds first and only altcoin lawncare hedgefund,http://putshort.com/,,,Michael,Lawncare Ride-On Mowing Altcoin Hedgefund,,Ethereum,3. Stealth Mode,2016-05-26,
Velocity,Decentralized actuary built on Ethereum,http://velocity.technology/,,https://www.reddit.com/r/dactuary/,Vignesh Sundaresan,actuary,proprietary,Ethereum,4. Concept,2016-05-27,
Noosadigital,Dream Agency,http://noosadigital.com/,,,Michael,,,Ethereum,8. Live,2016-05-27,
Otonomos,Blockchain-Chartered Companies,http://www.otonomos.com/,https://github.com/Otonomos,,Han Verstraete,governance,GPL,Ethereum,8. Live,2016-05-29,
EthIdent,Identity Records Validation and Lookup,https://ethident.com/,,,EthIdent,"kyc, email, phone, phone number, validation, verification, lookup",,Ethereum,8. Live,2016-05-30,
EthSlurp,Blockchain Data Scraper,http://www.ethslurp.com/,https://github.com/Great-Hill-Corporation/ethslurp,,Great Hill Corporation,blockchain data,MIT,Ethereum,8. Live,2016-05-31,
FiftyFinney,Guess the Balance and Win,http://fiftyfinney.bitballoon.com/,,,SoloSeven,"game, guide, tutorial, links",,Ethereum,3. Stealth Mode,2016-05-31,
kissBTC,Bitcoin on the Ethereum blockchain,https://kissbtc.io/,,,vnovak,"bitcoin,token",,Ethereum,8. Live,2016-06-03,
SlackCoin,Blockchain payments for Slack teams,http://www.amalgamatedhumanity.com/,https://github.com/intertwine/slackcoin,https://www.reddit.com/user/intertwiner/,Bryan Young,"slackcoin, currency, slack, blockchain, ethereum, eris",MIT,Ethereum,5. Work in Progress,2016-06-04,
Ethereum Lotto 50/50 draw,Ethereum Lotto 50/50 draw. Win half and support a charity!,http://ethereum-lotto.com/,,,Rob,"lotto draw, ethereum lotto",,Ethereum,5. Work in Progress,2016-06-04,
EuroBet,Let's bet on the Euro Cup 2016 Winner!,http://eurocupbet.ether-contract.org/,,,MilkyWayz,"eurocup, bet, euro",MIT,Ethereum,8. Live,2016-06-06,
ReGa,Ethereum p2p insurance platform,http://rega.site/,,,Sergei Sevriugin,"ethereum, p2pinsurance, p2p, scoring, instech, mobileapp, android",MIT,Ethereum,8. Live,2016-10-28,
BitHouse,DAO house rental contract and equity distrubution.,https://www.bithouse.io/,https://github.com/bithouse,,Will,"housing, property, equity",MIT,Ethereum,4. Concept,2016-06-09,
Zero Waste Advocacy,Community Resource Management,http://www.zerowasteadvocacy.com/,https://github.com/adbongo,https://www.reddit.com/user/adbongo/,Adbongo Group LLC,"regenerative community development, zerowaste, wasteuber, reuse, DAO",,Ethereum,5. Work In Progress,2016-06-10,
vdice.io,On-Chain Ethereum Betting Game,https://www.vdice.io/,,,vDice.io Dev. Team,"Ethereum, Blockchain, Betting, Gambling, Dice Game",,Ethereum,8. Live,2016-06-10,
CT Risk Placing,Commercial & Speciality Re(Insurance) placing platform,http://chainthat.com/insurance/,,,ChainThat,"insurance, reinsurance, risks",proprietary,Ethereum,7. Working Prototype,2016-06-11,
Decibel.LIVE,Real time Noise Monitoring,http://www.decibel.live,,,Shane Loomb,"noise, monitoring, ethereum, iot, internet of things",,Ethereum,5. Work in Progress,2016-06-12,
Etheramid,Social invitation game with reward,http://etheramid.cloudapp.net/,https://github.com/etherroot/etheramid/,https://www.reddit.com/r/ethdapps/comments/4fhhqc/etheramid_multilevel_invitation_game/,Etheramid,"social, game, etheramid, invitation",MIT,Ethereum,8. Live,2016-06-13,
LAVA,Preventing ticket fraud,http://www.lavamovement.com/,,,LAVA team,"tickets, festivals, music, events",retained,Ethereum,4. Concept,2016-06-14,
Ethernote,Promissory Note.Legal binding of esign contract & smart contract,http://ethernote.herokuapp.com/,https://github.com/blocknotary/ethernote/,,Igor Barinov,"ethernote, smart contract template, promissory note, IOU",MIT,Ethereum,7. Working Prototype,2016-06-14,
otlw-assess,A decentralized framework for assessment in education,http://otlw.co/,https://github.com/otlw/otlw-assess,,otlw,"education, assessment, schelling",,Ethereum,6. Demo,2016-06-17,
xapout,simplifying work,http://xapout.com/,,,Michael Kwaaitaal,simplify work simple,Open,Ethereum,4. Concept,2016-06-19,
The Rouleth,Full European Roulette - Play or Invest in the D.A.Casino,http://www.rouleth.com/,https://github.com/Bunjin/Rouleth,https://www.reddit.com/user/WhySoS3rious/,WhySoS3rious,"Gambling, Bet, Game, Roulette, Casino, Play, Invest",MIT,Ethereum,8. Live,2016-06-20,
Etherization,Strategy Game,http://www.bspend.com/etherization,,https://www.reddit.com/r/ethereum/comments/4pnvcu/etherization_strategy_game/,Vedran Kajic,"strategy, ethereum, civilization, game, turn",None yet,Ethereum,8. Live,2016-11-03,
Proof of Github,KYC oracle validates and links your GitHub and eth address,proofofgithub.herokuapp.com,https://github.com/blocknotary/proofofgithub,,Igor Barinov,"kyc, oracle, ethereum, proof, identity",MIT,Ethereum,8. Live,2016-06-24,
CT Contract Management,Legal contract management solution,http://chainthat.com/legal/,,,ChainThat,"Legal, contracts",proprietary,Ethereum,7. Working Prototype,2016-06-24,
Toporick,Agreements based on signatures of off-chain entities,https://toporick.com/,https://github.com/splix/toporick,,Igor Artamonov,"signatures, agreements",MIT,Ethereum,5. Work In Progress,2016-06-26,
Mountain of Money,Collective deposit used by participants for interest-free loans,http://momey.org/,https://github.com/austing/blocksprintmountain,,Austin Gross and Jan Ritsema,"banking, leverage pooling, credit, tontine, anti-capitalism",MIT,Ethereum,5. Work In Progress,2016-06-27,
Hong Coin,Hong Coin is the VC 3.0 on blockchain,http://hongcoin.org,https://github.com/BerryAI/blockchain,,Berry Labs,"VC, Investment, HongKong, Coin",MIT,Ethereum,5. Work In Progress,2016-07-04,
blockchain2email,A smart contract API to send emails from Ethereum,http://blockchain2email.com/,,,NS,"email, API, interface, contact, notification",Copyright,Ethereum,7. Working Prototype,2016-07-07,
Status,open source mobile ethereum client ,http://status.im/,https://github.com/status-im,https://www.reddit.com/r/ethereum/comments/3q8n2x/want_ethereum_on_your_phone_checkout_syng_the/,Jarrad Hope,"mobile,client,wallet",MPL2,Ethereum,7. Working Prototype,2016-10-04,
Etherplan,Smart Investment Plans on Ethereum!,http://etherplan.com/,,,Donald McIntyre ,investment,,Ethereum,5. Work In Progress,2016-07-26,
Sell ETC Safely,Safely split ETH and ETC,http://selletcsafely.tech/,,,Viktor Novak,"etc,classic,split,splitter,trading",,Ethereum,8. Live,2016-07-30,
KingOfTheEtherThrone,"Makes you a King, might grant you riches, will immortalize you.",https://www.kingoftheether.com/,https://github.com/kieranelby/KingOfTheEtherThrone,https://www.reddit.com/r/ethereum/comments/4vgbyw/king_of_the_ether_contract_is_back/,Kieran Elby,,MIT,Ethereum,8. Live,2016-07-31,
etherfaces,"Front Page for ETH ecosystem - users, developers, investors, etc",http://www.etherfaces.com/,,https://www.reddit.com/r/ethereum/comments/4v00z6/facebook_in_ethereum_in_a_million_pixels_just/,Sridhar,"ethereum,happenings,developers",MIT,Ethereum,8. Live,2016-08-09,
Provenance Authenticator for Z-Lab Denim,Provenance Authenticator for Z-Lab Denim,,,,Zorie Barber,,,Ethereum,4. Concept,2016-07-08,
EtherDelta,Decentralized exchange,https://etherdelta.github.io/,http://github.com/etherdelta/etherdelta.github.io,,Etherboost,"exchange,trade,trading,token,dao,etherex,etherdelta",None,Ethereum,8. Live,2016-07-13,
Ethereum Lottery,Lottery fueled by Bitcoin blocks,https://ethereumlottery.io/,,,Viktor Novak,"lottery,lotto,gambling,bitcoin,btcrelay",,Ethereum,8. Live,2016-07-12,
The-Pitts-Circus-Family-Movie,solid-contract ETH investment contract,http://www.the-pitts-circus.com/Ethereum,,,Ken Evil,"movie, investment, roi,",,Ethereum,8. Live,2016-07-30,
Microtick,Decentralized data streams for Ethereum,http://www.microtick.com/,,,Mark Jackson,,Undecided,Ethereum,7. Working Prototype,2016-07-21,
tax spendings,"tax collection & detail usage, maintaining public ledger",,,,siddharth patel,,,Ethereum,4. Concept,2016-07-25,
Z-Lab Denim Authentication,Provenance Authenticator for Z-Lab Denim,,,,Zorie Barber,,,Ethereum,4. Concept,2016-07-08,
Sustainy,"Platform for sustainable/fair p2p economy, alt currency, gamifid",http://sustainy.org/,https://github.com/Sustainy,https://www.reddit.com/r/Sustainy,Jonathan Bean,,CC BY-NC-S,Ethereum,5. Work In Progress,2016-08-02,
otlw-forum,A decentralized forum based on smart-contract documents.,http://otlw.co/forum/,https://github.com/otlw/forum,,otlw,"forum, social, documents",MIT,Ethereum,8. Live,2016-08-02,
Raiden Network,High Speed Asset Transfers for Ethereum (aka Lightning),http://raiden.network/,https://github.com/raiden-network/raiden,,brainbot technologies,"Tokens, Lightning, Scalability, state channels",MIT,Ethereum,7. Working Prototype,2016-08-04,
SafeContracts - TREX,Total Reputation Escrow Xchange,http://www.safecontracts.com/,https://github.com/SafeContracts,,Rocky Fikki,"Reputation, Funding, Rewards, Discounts, Escrow, Credit Reporting",,Ethereum,3. Stealth Mode,2016-08-04,
HydraChain,Permissioned Distributed Ledger based on Ethereum,http://hydrachain.com/,https://github.com/HydraChain/hydrachain,,brainbot technologies,"KYC, AML, PBFT, permissioning, private chain, consortium chain, permissioned distributed ledgers",MIT,Ethereum,8. Live,2016-08-04,
Rex,A Decentralized Global Multiple Listing Service,http://www.rexmls.com/,https://github.com/rexmls,https://www.reddit.com/user/stangrotic/,Stephen King & Russell McLernon,Real Estate,None,Ethereum,6. Demo,2016-08-04,
TheGrid,Buy positions on TheGrid to maximize your win. Strategy game.,http://ethereum.vascolange.com/thegrid/,,,Vasco Yannic Lange,,Copyright,Ethereum,7. Working Prototype,2016-08-04,
Flight Delay Insurance,Get indemnification if your plane is late,http://www.etherisc.com/mahitahi/dist/,,,Christoph Mussenbrock,,MIT,Ethereum,7. Working Prototype,2016-08-05,
FirstBlood.io,A decentralized eSports reward platform.,https://firstblood.io/,,https://www.reddit.com/r/ethereum/comments/4syleg/new_esports_dapp_built_on_ethereum_firstbloodio/,Joe & Zack,,GPL,Ethereum,5. Work In Progress,2016-08-05,
Smart Identity,Next generation digital identity for the new digital economy,,,,Deloitte,"digital identity, self sovereign, smart contracts, digital assets, enterprise automation",,Ethereum,4. Concept,2016-08-05,
Everex Transfer,"Cryptocash platform for remittance, payments, trading, lending",https://everex.one/,https://github.com/EverexIO,,Everex,"ethereum, wallet, remmitance, trading, crowdfund, transfer, payments, lending, p2p, android, mobile, web",,Ethereum,8. Live,2016-08-05,
Ethplorer,Ethereum token viewer,https://ethplorer.io/,https://github.com/EverexIO/Ethplorer,,Everex,"etherum, token, viewer, explorer, eip20, erc20, contract, transactions, asset",MIT,Ethereum,8. Live,2016-08-05,
OutcomeCoin,OutcomeCoin mints prediction market tokens,https://outcomecoin.github.io/,https://github.com/outcomecoin/outcomecoin.github.io,,Etherboost,"prediction,exchange,trade,trading,market,outcome,token",None,Ethereum,8. Live,2016-08-07,
Hash DB,Database of ipfs hashes and their corresponding title,https://ipfs.io/ipns/QmYs5baDk45Jzi3skZ5Hd4Lv4eiiewLadqCmdi6PGi6dzK/,,,Metaspace,ipfs,none,Ethereum,7. Working Prototype,2016-08-07,
ARK,Open Global Coins Database,http://ark.monkeyscage.org/,,,MonkeysCage,coins,,Ethereum,5. Work In Progress,2016-08-08,
Decentralized Capital,Government currency assets on the Ethereum blockchain,http://www.decentralizedcapital.com/#/home,,,Alex Wearn,,none,Ethereum,7. Working Prototype,2016-08-08,
Etherplay,Skill Games : Play games on Ethereum,http://etherplay.io/,,,wighawag,"game,skill,portal,games,reward,play",none,Ethereum,5. Work In Progress,2016-08-10,
Etherandom,"Off-chain secured, on-chain verifiable random number generation",https://etherandom.com/,https://github.com/etherandom,https://www.reddit.com/user/etherandom,Etherandom,"random, random numbers, random number generation, gambling, betting, dice",BSD,Ethereum,8. Live,2016-08-11,
Ethereum Lottery,Ethereum Lottery,https://ethereumlottery.net,,,iFA,"Ethereum, Lottery, Jackpot, Lotto, Weekly, Fast, Faucet",none,Ethereum,8. Live,2016-08-12,
Pray4Prey,Win Ether with your fishes swimming on the Ethereum blockchain.,http://pray4prey.com/,,,"Julia Altenried, Stefan Hoeller","ethereum, gambling, game",UNLICENCED,Ethereum,8. Live,2016-09-09,
OpenRep,A feedback based reputation system using ethereum smart contracts and BtcRelay.,,https://github.com/James-Sangalli/OpenRep,,James Sangalli,,MIT,Ethereum,5. Work In Progress,2016-08-24,
PredictionToken,PredictionToken mints prediction market tokens,https://predictiontoken.github.io/,https://github.com/predictiontoken/predictiontoken.github.io,,Etherboost,"trade,trading,prediction,market,token,bet,wager",None,Ethereum,8. Live,2016-08-24,
War On Ether,Programmable bots fighting for land,http://waronether.com/,,,Kobi Gurkan,,MIT,Ethereum,7. Working Prototype,2016-08-31,
COAKT,Raise more than money,http://www.coakt.com/,,,"Nick Barba, Kevin Kriss",,,Ethereum,5. Work In Progress,2016-09-01,
Melonport,A portal to decentralised asset management,https://melonport.com/,https://github.com/melonproject,https://www.reddit.com/r/melonproject,"Reto Trinkler, Mona El Isa","Portfolio, Fund, Asset Management, Asset, Funds, Hedge Fund",MIT,Ethereum,5. Work In Progress,2016-09-02,
FlightAssure,Ultra Short Term Life Assurance,,,,Ai-London,,GPL,Ethereum,4. Concept,2016-09-02,
Crystal Mines,Win Ether by upgrading and working in your mine.,https://yampi1.github.io/CrystalMines/,https://github.com/yampi1/CrystalMines,,Yampi,"game, crystal, mines, mine",GPL,Ethereum,8. Live,2016-09-04,
Transaction Relay,Enables transactions fees to be paid in any EIP20 token,,https://github.com/iurimatias/TransactionRelay,,iuri matias,"transactions,deployment,tokens",apache,Ethereum,7. Working Prototype,2016-09-04,
Decentralized Ether Mixer,Decentralized Ether Mixer,https://dmixer.github.io/,https://github.com/yaronvel/smart_contracts,,Yaron Velner,,MIT,Ethereum,8. Live,2016-10-21,
DTE,Decentralized Token Exchange,,https://github.com/yampi1/DTE,,Yampi,"decentralized exchange, token exchange, exchange, decentralized token exhange",GPL,Ethereum,8. Live,2016-09-08,
Chainy.Link,"Create Irreplaceable short URLs, Messages, Links to File",https://chainy.link/,https://github.com/EverexIO/Chainy/,https://redd.it/51rhc3,Everex,"Proof of Existence, Blockchain, Broadcast, Message, File, Storage, Link, Image, proof",Apache,Ethereum,8. Live,2016-11-24,
YouChoo,Contact as a Service,http://www.youchoo.com/,,,Billy Williams,,,Ethereum,3. Stealth Mode,2016-09-08,
Lottereo,"Blockchain lottery. Guess number, buy ticket. Weekly draw",http://lottereo.com/,https://github.com/glynnbird/lottereum,,Daniel Mermelstein / Glynn Bird,lottery,Apache,Ethereum,8. Live,2016-09-11,
Free Ftopia,Building a framework for converting SaaS businesses to DCOs,http://freeftopia.org/,https://github.com/mattthieu/freeftopia,,Phil,,,Ethereum,5. Work In Progress,2016-09-11,
Community-Currency,Community currency with zero reserve mutual credit,http://communitycurrency.website/,https://github.com/segovro/Community-Currency,https://www.reddit.com/r/ethereum/comments/3u0qay/communitycurrency/,Rogelio Segovia,"p2p,currency,community,credit",CCO,Ethereum,7. Working Prototype,2016-09-12,
The Rudimental,Equity Crowdfunding Platform for Artists,https://www.therudimental.com/#/index/home,,https://www.reddit.com/r/TheRudimental/,Troy Murray,,,Ethereum,6. Demo,2016-09-16,
GrünStromJeton,Green Energy Consumption Token issued to power consumers,https://stromstunde.de/,https://github.com/zoernert/zoernert.github.io,,Thorsten Zoerner,"energy, market, consumer, trading, energy transition, gemany",MIT,Ethereum,8. Live,2016-09-18,
blockchainmail.net,"Trustless, fully-insured, global delivery of physical items",,https://github.com/BlockChainMail,,Eamonn Hynes,,Unlicense,Ethereum,3. Stealth Mode,2016-09-20,
earthlottery.com,"The world's trustless, provably fair lottery",,https://github.com/EarthLottery,,Eamonn Hynes,lottery earth gambling gaming,Unlicense,Ethereum,3. Stealth Mode,2016-09-20,
Interdimensional Jukebox,A video Jukebox living on the ethereum blockchain,,https://github.com/Double-Dragon/interdimensional-jukebox,,controtie,"Music, Video, Jukebox, Robot Chicken",MIT,Ethereum,6. Demo,2016-09-25,
emojillionaire,Ethereum based lottery with emoji theme,http://emojillionaire.com/,https://github.com/madvas/emojillionaire,,Matus Lestan,"lottery, emoji, win, bet",MIT,Ethereum,8. Live,2016-09-29,
RockPaperScissors,fair Rock Paper Scissors game with helpful interface,https://github.com/HashFairGames/RockPaperScissors,https://github.com/HashFairGames/RockPaperScissors,,HashFairGames,"Rock Paper Scissors, hash based game, lottery, win, Dapp, rock, paper, scissors, fair, decentralized, game, games,fun", ,Ethereum,8. Live,2016-09-30,0x1d77340D3819007BbfD7fdD37C22BD3b5c311350
TheEthereumLottery,Lottery Dapp which solves problem of random numbers in blockchan,https://github.com/HashFairGames/TheEthereumLottery,https://github.com/HashFairGames/TheEthereumLottery,,HashFairGames,"TheEthereumLottery, the, ethereum, lottery, million, win, 5 mln ETH, random, number, problem, on, in, blockchain, hashfairgames", ,Ethereum,8. Live,2016-09-30,
Donamin,Donamin is a conscious dealmarket with online marketing tools.,http://donamin.com,,https://www.reddit.com/r/Donamin/,Zoltán Tápi,"marketing, donation, dealmarket",MIT,Ethereum,5. Work In Progress,2016-09-30,
Bitualcard,Ethereum Ferex Option,http://www.bitualcard.com,,,John Lee,"Option,Forex,Ethereumforx",NA,Ethereum,8. Live,2016-10-01,
Tinypay,Simple micropayments for content creators,http://tinypay.co,https://github.com/MustWin/tinypay,,MustWin.com,,None,Ethereum,7. Working Prototype,2016-10-04,
TokenCard,Smart contract powered Visa debit card. ERC20 complient,,,,Monolith Studio,,None,Ethereum,3. Stealth Mode,2016-10-06,
EtherLovers,Eternal blockchain-based lovers list,http://etherlovers.com/,,,Lukas,"love,lovers", ,Ethereum,8. Live,2016-10-09,
PriceGeth,Price API for Smart Contracts (Oracle),,https://github.com/VelocityMarket/pricegeth,,Shayan Eskandari,"oracles, price, ethbtc, ",MIT,Ethereum,7. Working Prototype,2016-10-11,
Velocity Options Contract,Collar Option contract for BTC/ETH price,https://demo.velocity.technology/,https://github.com/VelocityMarket/Options-Contract,,Shayan Eskandari,"options, price, pricegeth, collar",MIT,Ethereum,8. Live,2016-10-11,
BlockCDN,A blockchain-powered CDN trading platform,http://www.blockcdn.org,https://github.com/Blockcdnteam/BCDNICO,https://www.reddit.com/user/BlockcdnTeam,Tony Long,"Content Delivery Network , blockchain,P2P ",MIT Licens,Ethereum,8. Live,2016-10-12,
SafeEther,Keep your personal data in the Ethereum blockchain,http://safeether.com/,,,Sergey Leschenko,,MIT,Ethereum,8. Live,2016-10-12,
Ethrex,"Realtime Ethereum Block Explorer, Analytics Platform, & API",https://ethrex.io,https://github.com/ethrexio,https://www.reddit.com/user/ethrexio,Ethrex,"explorer, block explorer, blockchain explorer, api, analytics",BSD,Ethereum,8. Live,2016-10-17,
godzillion,the world's first smart contract market place based on ethereum ,http://www.godzillion.io/,https://github.com/godzillionapi/godzillion/wiki,,Rodrigo Sainz ,the world's first smart contract market place based on ethereum blockchain,N/A ,Ethereum,8. Live,2016-10-22,
File Storage Marketplace,Decentralized and secure disk space trading platform,,,,Andriian Chestnykh,,Unlicensed,Ethereum,4. Concept,2016-10-30,
etherslots.win,Ethereum-Based Slot Machine,http://www.etherslots.win,,,Ignas Mangevicius and DEV. team,"slot, slotmachine, slot machine, ethereum, game, casino, machine, play, lottery, dice",,Ethereum,8. Live,2016-10-30,
ETH Notifier,Sends SMS and Email notifications from Ethereum blockchain,http://ethnotifier.com,https://github.com/uzyn/eth-notifier-ui,https://www.reddit.com/r/ethereum/comments/59vgaf/eth_notifier_sms_notifications_from_ethereum_as_a/,U-Zyn Chua,"xipfs, ipfs, sms, email, notification, push, microservice",MIT,Ethereum,8. Live,2016-10-31,
KeyPal,"Part Distributed Public Key Server, Part Donors Recognition Wall",,,,Paul Hensel,"public key, donation, email", ,Ethereum,5. Work In Progress,2016-11-01,
Costring,Upload Images to the blockchain forever,https://costring.co,,https://www.reddit.com/r/ethereum/comments/58xmi4/saving_images_to_the_blockchain_its_possible/,Manuel,"images, blockchain, upload, free, datastorage",closed,Ethereum,8. Live,2016-11-02,
smart-lease,Store apartment leases. Pay rent and verify working appliances.,,https://github.com/mleafer/smart-lease,,Marie,mariesleaf@gmail.com,MIT,Ethereum,4. Concept,2016-11-02,
BitVault ,PoA based Debit Cards with automatic hedging and Mobile Wallet,,,,Nikita Dubrovin,,Commercial,Ethereum,5. Work In Progress,2016-11-06,
AuctionHouse,Auction platform for non-fungible on-chain assets.,http://auctionhouse.dappbench.com,https://github.com/dob/auctionhouse,,"Doug Petkanics, Eric Tang",auctions,MIT,Ethereum,7. Working Prototype,2016-11-08,
Project Entropy,The World's DAO Controlled fleet of sailing hackspaces,http://project-entropy.com,https://github.com/ProjectEntropy,http://reddit.com/r/entropydao,Joran Kikke,"Ethereum, Sailing, Governance, Hackspace, Maker, Events",BSD,Ethereum,5. Work In Progress,2016-11-08,
Time Clock,Service Delivery / Labor hire contract,https://github.com/dmozzy/TimeClock,https://github.com/dmozzy/TimeClock,https://www.reddit.com/r/ethereum/comments/5csel6/my_first_contract_time_clock_open_source_service/,Daniel Moscufo,Solidity,MIT,Ethereum,7. Working Prototype,2016-11-13,
Dragoo,decentralized hedge fund and social trading,escursionista.github.io,https://github.com/escursionista/escursionista.github.io,,Gabriele Rigo,,Apache,Ethereum,5. Work In Progress,2016-11-16,
PixelMap,"The Million Dollar Homepage, on the Blockchain!",http://pixelmap.io,kenerwin88,kenerwin88,Ken Erwin,"pixelmap,milliondollarhomepage",MIT Licens,Ethereum,8. Live,2016-11-17,
SmartToken,NFC smart-token with SMS Secure,,,,Nikita Dubrovin,NFC,MIT,Ethereum,5. Work In Progress,2016-11-24,
Verity,"Credible, Decentralized Reputation and Governance",http://www.verity.site,https://github.com/VerityHQ,http://reddit.com/r/verity,Matt Goldenberg,"reputation,governance,crowdsourcing,tokens",GPL,Ethereum,5. Work In Progress,2016-11-26,